actionExecutionId,activityExecutionId,nodeId,occurrenceIndex,actionType,actorId,startedAt,endedAt,status,resolvedArguments,providerIds,selectedEdgeTargetId,failureCode
action_da9b5733d5590849,activity_cd88f2d962e46688,n2,0,move_to,tommaso_bianchi,2026-08-10T06:30:00+02:00,2026-08-10T06:35:00+02:00,completed,"{""destination"":""bedroom_01""}","[""location:bedroom_01""]",,
action_2b56ddeec7a02f05,activity_cd88f2d962e46688,n3,0,change_posture,tommaso_bianchi,2026-08-10T06:35:00+02:00,2026-08-10T06:40:00+02:00,completed,"{""posture"":""standing""}","[""tommaso_bianchi""]",,
action_5a5a3755d9139299,activity_03a9fec63c1b1d97,n2,0,move_to,tommaso_bianchi,2026-08-10T06:45:00+02:00,2026-08-10T06:46:15+02:00,completed,"{""destination"":""bedroom_01""}","[""location:bedroom_01""]",,
action_5e2cb440bc24e157,activity_03a9fec63c1b1d97,n3,0,take_item,tommaso_bianchi,2026-08-10T06:46:15+02:00,2026-08-10T06:47:30+02:00,completed,"{""itemRole"":""medication""}","[""insulin_pen_01""]",,
action_57658f07e65a9cc0,activity_03a9fec63c1b1d97,n4,0,manage_medication,tommaso_bianchi,2026-08-10T06:47:30+02:00,2026-08-10T06:48:45+02:00,completed,"{""operation"":""take""}","[""bed_01""]",,
action_697c2e674853e365,activity_03a9fec63c1b1d97,n5,0,put_item,tommaso_bianchi,2026-08-10T06:48:45+02:00,2026-08-10T06:50:00+02:00,completed,"{""itemRole"":""medication""}","[""insulin_pen_01""]",,
action_b1b4dac205544a82,activity_52efb371df26d3f3,n2,0,move_to,tommaso_bianchi,2026-08-10T06:50:00+02:00,2026-08-10T06:54:00+02:00,completed,"{""destination"":""bathroom_01""}","[""location:bathroom_01""]",,
action_aef34fcf5640138b,activity_52efb371df26d3f3,n3,0,personal_care,tommaso_bianchi,2026-08-10T06:54:00+02:00,2026-08-10T06:58:00+02:00,completed,"{""procedure"":""toilet_use""}","[""service_bathroom_01""]",,
action_c50ff4b9a34e60c6,activity_52efb371df26d3f3,n4,0,activate,tommaso_bianchi,2026-08-10T06:58:00+02:00,2026-08-10T07:02:00+02:00,completed,"{""target"":""shower_water""}","[""service_bathroom_01""]",,
action_ffa07dd9e928b3f7,activity_52efb371df26d3f3,n5,0,personal_care,tommaso_bianchi,2026-08-10T07:02:00+02:00,2026-08-10T07:06:00+02:00,completed,"{""procedure"":""shower""}","[""service_bathroom_01""]",,
action_92c562f3424b5b86,activity_52efb371df26d3f3,n6,0,deactivate,tommaso_bianchi,2026-08-10T07:06:00+02:00,2026-08-10T07:10:00+02:00,completed,"{""target"":""shower_water""}","[""service_bathroom_01""]",,
action_60f27f894b1701d6,activity_4b43853737a04579,n2,0,move_to,tommaso_bianchi,2026-08-10T07:15:00+02:00,2026-08-10T07:17:16.363636+02:00,completed,"{""destination"":""kitchen_01""}","[""location:kitchen_01""]",,
action_48b1daaa4c894beb,activity_4b43853737a04579,n3,0,open,tommaso_bianchi,2026-08-10T07:17:16.363636+02:00,2026-08-10T07:19:32.727272+02:00,completed,"{""target"":""food_storage""}","[""service_kitchen_01""]",,
action_4d9345846004e422,activity_4b43853737a04579,n4,0,take_item,tommaso_bianchi,2026-08-10T07:19:32.727272+02:00,2026-08-10T07:21:49.090908+02:00,completed,"{""itemRole"":""food_preparation_area""}","[""service_kitchen_01""]",,
action_750998f205b353c8,activity_4b43853737a04579,n5,0,close,tommaso_bianchi,2026-08-10T07:21:49.090908+02:00,2026-08-10T07:24:05.454544+02:00,completed,"{""target"":""food_storage""}","[""service_kitchen_01""]",,
action_ba8bfb88e853b716,activity_4b43853737a04579,n6,0,activate,tommaso_bianchi,2026-08-10T07:24:05.454544+02:00,2026-08-10T07:26:21.818180+02:00,completed,"{""target"":""cooking_appliance""}","[""service_kitchen_01""]",,
action_54cabf57f67a8d8c,activity_4b43853737a04579,n7,0,prepare_food,tommaso_bianchi,2026-08-10T07:26:21.818180+02:00,2026-08-10T07:28:38.181816+02:00,completed,"{""mealKind"":""breakfast""}","[""fridge_01""]",,
action_0fe40b3cc4bfcca1,activity_4b43853737a04579,n8,0,deactivate,tommaso_bianchi,2026-08-10T07:28:38.181816+02:00,2026-08-10T07:30:54.545452+02:00,completed,"{""target"":""cooking_appliance""}","[""service_kitchen_01""]",,
action_59952282931ba44a,activity_4b43853737a04579,n9,0,put_item,tommaso_bianchi,2026-08-10T07:30:54.545452+02:00,2026-08-10T07:33:10.909088+02:00,completed,"{""itemRole"":""food_preparation_area""}","[""service_kitchen_01""]",,
action_f9991b2f41fd818d,activity_4b43853737a04579,n10,0,change_posture,tommaso_bianchi,2026-08-10T07:33:10.909088+02:00,2026-08-10T07:35:27.272724+02:00,completed,"{""posture"":""sitting""}","[""tommaso_bianchi""]",,
action_d388c6ea5ba1c95c,activity_4b43853737a04579,n11,0,consume,tommaso_bianchi,2026-08-10T07:35:27.272724+02:00,2026-08-10T07:37:43.636360+02:00,completed,"{""itemRole"":""consumption_area""}","[""service_kitchen_01""]",,
action_22bd18875d0301f2,activity_4b43853737a04579,n12,0,change_posture,tommaso_bianchi,2026-08-10T07:37:43.636360+02:00,2026-08-10T07:39:59.999996+02:00,completed,"{""posture"":""standing""}","[""tommaso_bianchi""]",,
action_2fcd2c319014c803,activity_438989b59786224c,n2,0,move_to_capability,tommaso_bianchi,2026-08-10T07:45:00+02:00,2026-08-10T07:55:00+02:00,completed,"{""targetRole"":""home_exit""}","[""service_garden_workplace""]",,
action_f0a5446b87a4b555,activity_438989b59786224c,n3,0,leave_home,tommaso_bianchi,2026-08-10T07:55:00+02:00,2026-08-10T08:05:00+02:00,completed,{},"[""entrance_door""]",,
action_0ec05db65712d43b,activity_438989b59786224c,n4,0,travel_to,tommaso_bianchi,2026-08-10T08:05:00+02:00,2026-08-10T08:15:00+02:00,completed,"{""destination"":""garden_workplace""}","[""location:garden_workplace""]",,
action_ad3ec419f820b940,activity_4dab15a033adb542,n2,0,move_to,tommaso_bianchi,2026-08-10T08:15:00+02:00,2026-08-10T10:55:00+02:00,completed,"{""destination"":""garden_workplace""}","[""location:garden_workplace""]",,
action_ca6a3ee80721633a,activity_4dab15a033adb542,n3,0,change_posture,tommaso_bianchi,2026-08-10T10:55:00+02:00,2026-08-10T13:35:00+02:00,completed,"{""posture"":""standing""}","[""tommaso_bianchi""]",,
action_a6f41f58b642745d,activity_4dab15a033adb542,n4,0,perform_work,tommaso_bianchi,2026-08-10T13:35:00+02:00,2026-08-10T16:15:00+02:00,completed,"{""mode"":""gardening""}","[""service_garden_workplace""]",,
action_36a2d52edfe1d411,activity_2bbcbd95de321116,n2,0,move_to_capability,tommaso_bianchi,2026-08-10T16:15:00+02:00,2026-08-10T16:21:00+02:00,completed,"{""targetRole"":""home_entrance""}","[""service_hallway_01""]",,
action_bca88f19379a9e7d,activity_2bbcbd95de321116,n3,0,enter_home,tommaso_bianchi,2026-08-10T16:21:00+02:00,2026-08-10T16:27:00+02:00,completed,{},"[""entrance_door""]",,
action_2f82d9d19b121f48,activity_2bbcbd95de321116,n4,0,leave_home,tommaso_bianchi,2026-08-10T16:27:00+02:00,2026-08-10T16:33:00+02:00,completed,{},"[""entrance_door""]",,
action_41086a74f4f7082f,activity_2bbcbd95de321116,n5,0,travel_to,tommaso_bianchi,2026-08-10T16:33:00+02:00,2026-08-10T16:39:00+02:00,completed,"{""destination"":""hallway_01""}","[""location:hallway_01""]",,
action_e1b00aea42e580cf,activity_2bbcbd95de321116,n6,0,enter_home,tommaso_bianchi,2026-08-10T16:39:00+02:00,2026-08-10T16:45:00+02:00,completed,{},"[""entrance_door""]",,
action_1caed63759860ff2,activity_850b9ddfb9072781,n2,0,move_to,tommaso_bianchi,2026-08-10T17:00:00+02:00,2026-08-10T17:24:00+02:00,completed,"{""destination"":""living_room_01""}","[""location:living_room_01""]",,
action_f58dc6c8106e5e27,activity_850b9ddfb9072781,n3,0,change_posture,tommaso_bianchi,2026-08-10T17:24:00+02:00,2026-08-10T17:48:00+02:00,completed,"{""posture"":""sitting""}","[""tommaso_bianchi""]",,
action_da5d0f91260dcfb9,activity_850b9ddfb9072781,n4,0,wait,tommaso_bianchi,2026-08-10T17:48:00+02:00,2026-08-10T18:12:00+02:00,completed,"{""purpose"":""resting""}",[],,
action_fd62e1e441ae8663,activity_850b9ddfb9072781,n5,0,change_posture,tommaso_bianchi,2026-08-10T18:12:00+02:00,2026-08-10T18:36:00+02:00,completed,"{""posture"":""sitting""}","[""tommaso_bianchi""]",,
action_c7f23f2d000a58fe,activity_850b9ddfb9072781,n6,0,leisure,tommaso_bianchi,2026-08-10T18:36:00+02:00,2026-08-10T19:00:00+02:00,completed,"{""kind"":""reading""}","[""service_living_room_01""]",,
action_7bfe468656b2ee6f,activity_7703eaf423554bd7,n2,0,move_to_capability,tommaso_bianchi,2026-08-10T19:30:00+02:00,2026-08-10T19:41:15+02:00,completed,"{""targetRole"":""home_exit""}","[""service_neighborhood_park""]",,
action_c4321c8f1de9864a,activity_7703eaf423554bd7,n3,0,leave_home,tommaso_bianchi,2026-08-10T19:41:15+02:00,2026-08-10T19:52:30+02:00,completed,{},"[""entrance_door""]",,
action_733a8388721cbc35,activity_7703eaf423554bd7,n4,0,travel_to,tommaso_bianchi,2026-08-10T19:52:30+02:00,2026-08-10T20:03:45+02:00,completed,"{""destination"":""neighborhood_park""}","[""location:neighborhood_park""]",,
action_16c6accb0a989b8a,activity_7703eaf423554bd7,n5,0,exercise,tommaso_bianchi,2026-08-10T20:03:45+02:00,2026-08-10T20:15:00+02:00,completed,"{""kind"":""walking""}","[""service_neighborhood_park""]",,
action_2c3e8fdc3156d620,activity_236c4174a091e17b,n2,0,move_to_capability,tommaso_bianchi,2026-08-10T20:20:00+02:00,2026-08-10T20:23:00+02:00,completed,"{""targetRole"":""home_entrance""}","[""service_hallway_01""]",,
action_9f77dd49f3f15aa2,activity_236c4174a091e17b,n3,0,enter_home,tommaso_bianchi,2026-08-10T20:23:00+02:00,2026-08-10T20:26:00+02:00,completed,{},"[""entrance_door""]",,
action_cbe82931461530f8,activity_236c4174a091e17b,n4,0,leave_home,tommaso_bianchi,2026-08-10T20:26:00+02:00,2026-08-10T20:29:00+02:00,completed,{},"[""entrance_door""]",,
action_d1d3d4fec790de58,activity_236c4174a091e17b,n5,0,travel_to,tommaso_bianchi,2026-08-10T20:29:00+02:00,2026-08-10T20:32:00+02:00,completed,"{""destination"":""hallway_01""}","[""location:hallway_01""]",,
action_c22fa4d59bbe5acf,activity_236c4174a091e17b,n6,0,enter_home,tommaso_bianchi,2026-08-10T20:32:00+02:00,2026-08-10T20:35:00+02:00,completed,{},"[""entrance_door""]",,
action_0b02e90ab8de882a,activity_b44edf2d9a4bbb6b,n2,0,move_to,tommaso_bianchi,2026-08-10T21:30:00+02:00,2026-08-10T21:37:30+02:00,completed,"{""destination"":""bathroom_01""}","[""location:bathroom_01""]",,
action_706064ad7849e96e,activity_b44edf2d9a4bbb6b,n3,0,personal_care,tommaso_bianchi,2026-08-10T21:37:30+02:00,2026-08-10T21:45:00+02:00,completed,"{""procedure"":""evening_hygiene""}","[""service_bathroom_01""]",,
action_5b31e8674ddcf8de,activity_27f8d37739a1ce73,n2,0,move_to,tommaso_bianchi,2026-08-10T22:30:00+02:00,2026-08-11T01:10:00+02:00,completed,"{""destination"":""bedroom_01""}","[""location:bedroom_01""]",,
action_b4c4ce36e757b712,activity_27f8d37739a1ce73,n3,0,change_posture,tommaso_bianchi,2026-08-11T01:10:00+02:00,2026-08-11T03:50:00+02:00,completed,"{""posture"":""lying""}","[""tommaso_bianchi""]",,
action_9bd42c3263a3b597,activity_27f8d37739a1ce73,n4,0,wait,tommaso_bianchi,2026-08-11T03:50:00+02:00,2026-08-11T06:30:00+02:00,completed,"{""purpose"":""sleeping""}",[],,
action_134e062bbd0eaffa,activity_7246a123072e12c0,n2,0,move_to,tommaso_bianchi,2026-08-11T06:30:00+02:00,2026-08-11T06:35:00+02:00,completed,"{""destination"":""bedroom_01""}","[""location:bedroom_01""]",,
action_84d652aa43852a14,activity_7246a123072e12c0,n3,0,change_posture,tommaso_bianchi,2026-08-11T06:35:00+02:00,2026-08-11T06:40:00+02:00,completed,"{""posture"":""standing""}","[""tommaso_bianchi""]",,
action_b2b1aa1b74ba9f53,activity_99681a3e8f49a4fe,n2,0,move_to,tommaso_bianchi,2026-08-11T06:45:00+02:00,2026-08-11T06:46:15+02:00,completed,"{""destination"":""bedroom_01""}","[""location:bedroom_01""]",,
action_c1eade5e8a7336ba,activity_99681a3e8f49a4fe,n3,0,take_item,tommaso_bianchi,2026-08-11T06:46:15+02:00,2026-08-11T06:47:30+02:00,completed,"{""itemRole"":""medication""}","[""insulin_pen_01""]",,
action_b4847ed99db0fb04,activity_99681a3e8f49a4fe,n4,0,manage_medication,tommaso_bianchi,2026-08-11T06:47:30+02:00,2026-08-11T06:48:45+02:00,completed,"{""operation"":""take""}","[""bed_01""]",,
action_d9f1dbdec796f0ad,activity_99681a3e8f49a4fe,n5,0,put_item,tommaso_bianchi,2026-08-11T06:48:45+02:00,2026-08-11T06:50:00+02:00,completed,"{""itemRole"":""medication""}","[""insulin_pen_01""]",,
action_4c3808e150e4d083,activity_6e97a3e9b6102dbe,n2,0,move_to,tommaso_bianchi,2026-08-11T06:50:00+02:00,2026-08-11T06:54:00+02:00,completed,"{""destination"":""bathroom_01""}","[""location:bathroom_01""]",,
action_d1a07e592b1faebf,activity_6e97a3e9b6102dbe,n3,0,personal_care,tommaso_bianchi,2026-08-11T06:54:00+02:00,2026-08-11T06:58:00+02:00,completed,"{""procedure"":""toilet_use""}","[""service_bathroom_01""]",,
action_d2d6f14782d74da0,activity_6e97a3e9b6102dbe,n4,0,activate,tommaso_bianchi,2026-08-11T06:58:00+02:00,2026-08-11T07:02:00+02:00,completed,"{""target"":""shower_water""}","[""service_bathroom_01""]",,
action_5d2059d939164c04,activity_6e97a3e9b6102dbe,n5,0,personal_care,tommaso_bianchi,2026-08-11T07:02:00+02:00,2026-08-11T07:06:00+02:00,completed,"{""procedure"":""shower""}","[""service_bathroom_01""]",,
action_ef1fcb66371b3a85,activity_6e97a3e9b6102dbe,n6,0,deactivate,tommaso_bianchi,2026-08-11T07:06:00+02:00,2026-08-11T07:10:00+02:00,completed,"{""target"":""shower_water""}","[""service_bathroom_01""]",,
action_01ac70cbbf833797,activity_643e1a6b1c626a4d,n2,0,move_to,tommaso_bianchi,2026-08-11T07:15:00+02:00,2026-08-11T07:17:16.363636+02:00,completed,"{""destination"":""kitchen_01""}","[""location:kitchen_01""]",,
action_17805f1506d21f0e,activity_643e1a6b1c626a4d,n3,0,open,tommaso_bianchi,2026-08-11T07:17:16.363636+02:00,2026-08-11T07:19:32.727272+02:00,completed,"{""target"":""food_storage""}","[""service_kitchen_01""]",,
action_a0b7e04de67d4167,activity_643e1a6b1c626a4d,n4,0,take_item,tommaso_bianchi,2026-08-11T07:19:32.727272+02:00,2026-08-11T07:21:49.090908+02:00,completed,"{""itemRole"":""food_preparation_area""}","[""service_kitchen_01""]",,
action_940d3de877ebef2d,activity_643e1a6b1c626a4d,n5,0,close,tommaso_bianchi,2026-08-11T07:21:49.090908+02:00,2026-08-11T07:24:05.454544+02:00,completed,"{""target"":""food_storage""}","[""service_kitchen_01""]",,
action_6efc1feb6f69a117,activity_643e1a6b1c626a4d,n6,0,activate,tommaso_bianchi,2026-08-11T07:24:05.454544+02:00,2026-08-11T07:26:21.818180+02:00,completed,"{""target"":""cooking_appliance""}","[""service_kitchen_01""]",,
action_e7e91969e375a640,activity_643e1a6b1c626a4d,n7,0,prepare_food,tommaso_bianchi,2026-08-11T07:26:21.818180+02:00,2026-08-11T07:28:38.181816+02:00,completed,"{""mealKind"":""breakfast""}","[""fridge_01""]",,
action_7493ccb1850faec4,activity_643e1a6b1c626a4d,n8,0,deactivate,tommaso_bianchi,2026-08-11T07:28:38.181816+02:00,2026-08-11T07:30:54.545452+02:00,completed,"{""target"":""cooking_appliance""}","[""service_kitchen_01""]",,
action_5bf1cc9b3512b641,activity_643e1a6b1c626a4d,n9,0,put_item,tommaso_bianchi,2026-08-11T07:30:54.545452+02:00,2026-08-11T07:33:10.909088+02:00,completed,"{""itemRole"":""food_preparation_area""}","[""service_kitchen_01""]",,
action_6c9aad1214650d74,activity_643e1a6b1c626a4d,n10,0,change_posture,tommaso_bianchi,2026-08-11T07:33:10.909088+02:00,2026-08-11T07:35:27.272724+02:00,completed,"{""posture"":""sitting""}","[""tommaso_bianchi""]",,
action_4a4bc95464f335ec,activity_643e1a6b1c626a4d,n11,0,consume,tommaso_bianchi,2026-08-11T07:35:27.272724+02:00,2026-08-11T07:37:43.636360+02:00,completed,"{""itemRole"":""consumption_area""}","[""service_kitchen_01""]",,
action_e5dc070c76074ce5,activity_643e1a6b1c626a4d,n12,0,change_posture,tommaso_bianchi,2026-08-11T07:37:43.636360+02:00,2026-08-11T07:39:59.999996+02:00,completed,"{""posture"":""standing""}","[""tommaso_bianchi""]",,
action_14dcbffca71b2bba,activity_70380e230de40107,n2,0,move_to_capability,tommaso_bianchi,2026-08-11T07:45:00+02:00,2026-08-11T07:55:00+02:00,completed,"{""targetRole"":""home_exit""}","[""service_garden_workplace""]",,
action_9268caeb3cb50380,activity_70380e230de40107,n3,0,leave_home,tommaso_bianchi,2026-08-11T07:55:00+02:00,2026-08-11T08:05:00+02:00,completed,{},"[""entrance_door""]",,
action_5da28ab0ba109499,activity_70380e230de40107,n4,0,travel_to,tommaso_bianchi,2026-08-11T08:05:00+02:00,2026-08-11T08:15:00+02:00,completed,"{""destination"":""garden_workplace""}","[""location:garden_workplace""]",,
action_306ac18692f6fc94,activity_21c6f9c881cdc8b6,n2,0,move_to,tommaso_bianchi,2026-08-11T08:15:00+02:00,2026-08-11T10:55:00+02:00,completed,"{""destination"":""garden_workplace""}","[""location:garden_workplace""]",,
action_baa6bc8c329c861c,activity_21c6f9c881cdc8b6,n3,0,change_posture,tommaso_bianchi,2026-08-11T10:55:00+02:00,2026-08-11T13:35:00+02:00,completed,"{""posture"":""standing""}","[""tommaso_bianchi""]",,
action_1ef194666ff4c473,activity_21c6f9c881cdc8b6,n4,0,perform_work,tommaso_bianchi,2026-08-11T13:35:00+02:00,2026-08-11T16:15:00+02:00,completed,"{""mode"":""gardening""}","[""service_garden_workplace""]",,
action_3fa00c7a45f60995,activity_7e512f52f0894daa,n2,0,move_to_capability,tommaso_bianchi,2026-08-11T16:15:00+02:00,2026-08-11T16:21:00+02:00,completed,"{""targetRole"":""home_entrance""}","[""service_hallway_01""]",,
action_11ea9a9037410721,activity_7e512f52f0894daa,n3,0,enter_home,tommaso_bianchi,2026-08-11T16:21:00+02:00,2026-08-11T16:27:00+02:00,completed,{},"[""entrance_door""]",,
action_ec1537b817c7d989,activity_7e512f52f0894daa,n4,0,leave_home,tommaso_bianchi,2026-08-11T16:27:00+02:00,2026-08-11T16:33:00+02:00,completed,{},"[""entrance_door""]",,
action_0ee09f2d4bdfb434,activity_7e512f52f0894daa,n5,0,travel_to,tommaso_bianchi,2026-08-11T16:33:00+02:00,2026-08-11T16:39:00+02:00,completed,"{""destination"":""hallway_01""}","[""location:hallway_01""]",,
action_54731ce2581c8c5d,activity_7e512f52f0894daa,n6,0,enter_home,tommaso_bianchi,2026-08-11T16:39:00+02:00,2026-08-11T16:45:00+02:00,completed,{},"[""entrance_door""]",,
action_851a8fb5099ffa35,activity_914c8fd30c1954f8,n2,0,move_to_capability,tommaso_bianchi,2026-08-11T17:30:00+02:00,2026-08-11T17:35:00+02:00,completed,"{""targetRole"":""home_exit""}","[""service_pharmacy_barcelona""]",,
action_7f921fdccfa5006a,activity_914c8fd30c1954f8,n3,0,leave_home,tommaso_bianchi,2026-08-11T17:35:00+02:00,2026-08-11T17:40:00+02:00,completed,{},"[""entrance_door""]",,
action_3dd074a8f25200ec,activity_914c8fd30c1954f8,n4,0,travel_to,tommaso_bianchi,2026-08-11T17:40:00+02:00,2026-08-11T17:45:00+02:00,completed,"{""destination"":""pharmacy_barcelona""}","[""location:pharmacy_barcelona""]",,
action_252384397c8b1bde,activity_fffb3549b2129795,n2,0,move_to,tommaso_bianchi,2026-08-11T17:50:00+02:00,2026-08-11T17:53:20+02:00,completed,"{""destination"":""pharmacy_barcelona""}","[""location:pharmacy_barcelona""]",,
action_500dc534a3823b6e,activity_fffb3549b2129795,n3,0,manage_medication,tommaso_bianchi,2026-08-11T17:53:20+02:00,2026-08-11T17:56:40+02:00,completed,"{""operation"":""refill""}","[""service_pharmacy_barcelona""]",,
action_3f6b400f4d13ab68,activity_fffb3549b2129795,n4,0,take_item,tommaso_bianchi,2026-08-11T17:56:40+02:00,2026-08-11T18:00:00+02:00,completed,"{""itemRole"":""medication""}","[""service_pharmacy_barcelona""]",,
action_806f3d8e67e217fa,activity_b187e33ba1fdcdc2,n2,0,move_to_capability,tommaso_bianchi,2026-08-11T18:05:00+02:00,2026-08-11T18:08:00+02:00,completed,"{""targetRole"":""home_entrance""}","[""service_hallway_01""]",,
action_5560810d97202c77,activity_b187e33ba1fdcdc2,n3,0,enter_home,tommaso_bianchi,2026-08-11T18:08:00+02:00,2026-08-11T18:11:00+02:00,completed,{},"[""entrance_door""]",,
action_97312bcba2d5db42,activity_b187e33ba1fdcdc2,n4,0,leave_home,tommaso_bianchi,2026-08-11T18:11:00+02:00,2026-08-11T18:14:00+02:00,completed,{},"[""entrance_door""]",,
action_b4e10db6cc8fdf30,activity_b187e33ba1fdcdc2,n5,0,travel_to,tommaso_bianchi,2026-08-11T18:14:00+02:00,2026-08-11T18:17:00+02:00,completed,"{""destination"":""hallway_01""}","[""location:hallway_01""]",,
action_69fc8496f5101bd5,activity_b187e33ba1fdcdc2,n6,0,enter_home,tommaso_bianchi,2026-08-11T18:17:00+02:00,2026-08-11T18:20:00+02:00,completed,{},"[""entrance_door""]",,
action_a299e4ea795e6e7a,activity_24efe376cbc16d3b,n2,0,move_to,tommaso_bianchi,2026-08-11T19:00:00+02:00,2026-08-11T19:18:00+02:00,completed,"{""destination"":""living_room_01""}","[""location:living_room_01""]",,
action_9371095ce44d0c05,activity_24efe376cbc16d3b,n3,0,change_posture,tommaso_bianchi,2026-08-11T19:18:00+02:00,2026-08-11T19:36:00+02:00,completed,"{""posture"":""sitting""}","[""tommaso_bianchi""]",,
action_b0f256eaa93bda04,activity_24efe376cbc16d3b,n4,0,activate,tommaso_bianchi,2026-08-11T19:36:00+02:00,2026-08-11T19:54:00+02:00,completed,"{""target"":""television""}","[""service_living_room_01""]",,
action_faa6c415a111a2d0,activity_24efe376cbc16d3b,n5,0,leisure,tommaso_bianchi,2026-08-11T19:54:00+02:00,2026-08-11T20:12:00+02:00,completed,"{""kind"":""watch_tv""}","[""service_living_room_01""]",,
action_b76866fc2349f470,activity_24efe376cbc16d3b,n6,0,deactivate,tommaso_bianchi,2026-08-11T20:12:00+02:00,2026-08-11T20:30:00+02:00,completed,"{""target"":""television""}","[""service_living_room_01""]",,
action_42e08d6eb09991dc,activity_c8f4fe8f62c58496,n2,0,move_to,tommaso_bianchi,2026-08-11T21:30:00+02:00,2026-08-11T21:37:30+02:00,completed,"{""destination"":""bathroom_01""}","[""location:bathroom_01""]",,
action_79cc03ac417d7233,activity_c8f4fe8f62c58496,n3,0,personal_care,tommaso_bianchi,2026-08-11T21:37:30+02:00,2026-08-11T21:45:00+02:00,completed,"{""procedure"":""evening_hygiene""}","[""service_bathroom_01""]",,
action_36eb0dd91cdbab5c,activity_47affcaa6fce9e8c,n2,0,move_to,tommaso_bianchi,2026-08-11T22:30:00+02:00,2026-08-12T01:10:00+02:00,completed,"{""destination"":""bedroom_01""}","[""location:bedroom_01""]",,
action_2d56be3275e47740,activity_47affcaa6fce9e8c,n3,0,change_posture,tommaso_bianchi,2026-08-12T01:10:00+02:00,2026-08-12T03:50:00+02:00,completed,"{""posture"":""lying""}","[""tommaso_bianchi""]",,
action_67d937f9a1b0391c,activity_47affcaa6fce9e8c,n4,0,wait,tommaso_bianchi,2026-08-12T03:50:00+02:00,2026-08-12T06:30:00+02:00,completed,"{""purpose"":""sleeping""}",[],,
action_4b84d0bce4842086,activity_44f31da2635301a4,n2,0,move_to,tommaso_bianchi,2026-08-12T06:30:00+02:00,2026-08-12T06:35:00+02:00,completed,"{""destination"":""bedroom_01""}","[""location:bedroom_01""]",,
action_270016ae524c023b,activity_44f31da2635301a4,n3,0,change_posture,tommaso_bianchi,2026-08-12T06:35:00+02:00,2026-08-12T06:40:00+02:00,completed,"{""posture"":""standing""}","[""tommaso_bianchi""]",,
action_c342edaa68cf0f49,activity_925661ae2f1fc9b2,n2,0,move_to,tommaso_bianchi,2026-08-12T06:45:00+02:00,2026-08-12T06:46:15+02:00,completed,"{""destination"":""bedroom_01""}","[""location:bedroom_01""]",,
action_1a95118b208308d8,activity_925661ae2f1fc9b2,n3,0,take_item,tommaso_bianchi,2026-08-12T06:46:15+02:00,2026-08-12T06:47:30+02:00,completed,"{""itemRole"":""medication""}","[""insulin_pen_01""]",,
action_9e26bb7ecf1b8ef2,activity_925661ae2f1fc9b2,n4,0,manage_medication,tommaso_bianchi,2026-08-12T06:47:30+02:00,2026-08-12T06:48:45+02:00,completed,"{""operation"":""take""}","[""bed_01""]",,
action_0efe2e3d2372cf59,activity_925661ae2f1fc9b2,n5,0,put_item,tommaso_bianchi,2026-08-12T06:48:45+02:00,2026-08-12T06:50:00+02:00,completed,"{""itemRole"":""medication""}","[""insulin_pen_01""]",,
action_8a1c86a8e9e70ce2,activity_061d3b8f4aca02f4,n2,0,move_to,tommaso_bianchi,2026-08-12T06:50:00+02:00,2026-08-12T06:54:00+02:00,completed,"{""destination"":""bathroom_01""}","[""location:bathroom_01""]",,
action_307e94ae2e2a8dee,activity_061d3b8f4aca02f4,n3,0,personal_care,tommaso_bianchi,2026-08-12T06:54:00+02:00,2026-08-12T06:58:00+02:00,completed,"{""procedure"":""toilet_use""}","[""service_bathroom_01""]",,
action_2578bbb700f6be88,activity_061d3b8f4aca02f4,n4,0,activate,tommaso_bianchi,2026-08-12T06:58:00+02:00,2026-08-12T07:02:00+02:00,completed,"{""target"":""shower_water""}","[""service_bathroom_01""]",,
action_0d370dc0730abc1b,activity_061d3b8f4aca02f4,n5,0,personal_care,tommaso_bianchi,2026-08-12T07:02:00+02:00,2026-08-12T07:06:00+02:00,completed,"{""procedure"":""shower""}","[""service_bathroom_01""]",,
action_5f6645188ec56e8e,activity_061d3b8f4aca02f4,n6,0,deactivate,tommaso_bianchi,2026-08-12T07:06:00+02:00,2026-08-12T07:10:00+02:00,completed,"{""target"":""shower_water""}","[""service_bathroom_01""]",,
action_159afa1fc6671516,activity_815e75c61177ab0c,n2,0,move_to,tommaso_bianchi,2026-08-12T07:15:00+02:00,2026-08-12T07:17:16.363636+02:00,completed,"{""destination"":""kitchen_01""}","[""location:kitchen_01""]",,
action_3a3c07e006a0e384,activity_815e75c61177ab0c,n3,0,open,tommaso_bianchi,2026-08-12T07:17:16.363636+02:00,2026-08-12T07:19:32.727272+02:00,completed,"{""target"":""food_storage""}","[""service_kitchen_01""]",,
action_be0264ad4ef010b6,activity_815e75c61177ab0c,n4,0,take_item,tommaso_bianchi,2026-08-12T07:19:32.727272+02:00,2026-08-12T07:21:49.090908+02:00,completed,"{""itemRole"":""food_preparation_area""}","[""service_kitchen_01""]",,
action_9344731c02add706,activity_815e75c61177ab0c,n5,0,close,tommaso_bianchi,2026-08-12T07:21:49.090908+02:00,2026-08-12T07:24:05.454544+02:00,completed,"{""target"":""food_storage""}","[""service_kitchen_01""]",,
action_f583a813375db1b3,activity_815e75c61177ab0c,n6,0,activate,tommaso_bianchi,2026-08-12T07:24:05.454544+02:00,2026-08-12T07:26:21.818180+02:00,completed,"{""target"":""cooking_appliance""}","[""service_kitchen_01""]",,
action_0895107f148bb66e,activity_815e75c61177ab0c,n7,0,prepare_food,tommaso_bianchi,2026-08-12T07:26:21.818180+02:00,2026-08-12T07:28:38.181816+02:00,completed,"{""mealKind"":""breakfast""}","[""fridge_01""]",,
action_3ad11d7b5998a35e,activity_815e75c61177ab0c,n8,0,deactivate,tommaso_bianchi,2026-08-12T07:28:38.181816+02:00,2026-08-12T07:30:54.545452+02:00,completed,"{""target"":""cooking_appliance""}","[""service_kitchen_01""]",,
action_ceac39c69fb9db25,activity_815e75c61177ab0c,n9,0,put_item,tommaso_bianchi,2026-08-12T07:30:54.545452+02:00,2026-08-12T07:33:10.909088+02:00,completed,"{""itemRole"":""food_preparation_area""}","[""service_kitchen_01""]",,
action_eb1136a588e7e4d3,activity_815e75c61177ab0c,n10,0,change_posture,tommaso_bianchi,2026-08-12T07:33:10.909088+02:00,2026-08-12T07:35:27.272724+02:00,completed,"{""posture"":""sitting""}","[""tommaso_bianchi""]",,
action_4c5d53717bbb3e1e,activity_815e75c61177ab0c,n11,0,consume,tommaso_bianchi,2026-08-12T07:35:27.272724+02:00,2026-08-12T07:37:43.636360+02:00,completed,"{""itemRole"":""consumption_area""}","[""service_kitchen_01""]",,
action_200faf46cd2c075f,activity_815e75c61177ab0c,n12,0,change_posture,tommaso_bianchi,2026-08-12T07:37:43.636360+02:00,2026-08-12T07:39:59.999996+02:00,completed,"{""posture"":""standing""}","[""tommaso_bianchi""]",,
action_eca71c7844829b38,activity_32280b1da2a2c7ec,n2,0,move_to_capability,tommaso_bianchi,2026-08-12T07:45:00+02:00,2026-08-12T07:55:00+02:00,completed,"{""targetRole"":""home_exit""}","[""service_garden_workplace""]",,
action_f33e6e47f63a2dab,activity_32280b1da2a2c7ec,n3,0,leave_home,tommaso_bianchi,2026-08-12T07:55:00+02:00,2026-08-12T08:05:00+02:00,completed,{},"[""entrance_door""]",,
action_1410c014b58fd93f,activity_32280b1da2a2c7ec,n4,0,travel_to,tommaso_bianchi,2026-08-12T08:05:00+02:00,2026-08-12T08:15:00+02:00,completed,"{""destination"":""garden_workplace""}","[""location:garden_workplace""]",,
action_30cdc2e6ca5423cd,activity_aa989c2426373015,n2,0,move_to,tommaso_bianchi,2026-08-12T08:15:00+02:00,2026-08-12T10:55:00+02:00,completed,"{""destination"":""garden_workplace""}","[""location:garden_workplace""]",,
action_5dfd7c12f02349a0,activity_aa989c2426373015,n3,0,change_posture,tommaso_bianchi,2026-08-12T10:55:00+02:00,2026-08-12T13:35:00+02:00,completed,"{""posture"":""standing""}","[""tommaso_bianchi""]",,
action_706b5c5f7f87ddd5,activity_aa989c2426373015,n4,0,perform_work,tommaso_bianchi,2026-08-12T13:35:00+02:00,2026-08-12T16:15:00+02:00,completed,"{""mode"":""gardening""}","[""service_garden_workplace""]",,
action_d44447bfa2a49d8f,activity_5c816517bba4f358,n2,0,move_to_capability,tommaso_bianchi,2026-08-12T16:15:00+02:00,2026-08-12T16:21:00+02:00,completed,"{""targetRole"":""home_entrance""}","[""service_hallway_01""]",,
action_1ffe7ea502c2caf5,activity_5c816517bba4f358,n3,0,enter_home,tommaso_bianchi,2026-08-12T16:21:00+02:00,2026-08-12T16:27:00+02:00,completed,{},"[""entrance_door""]",,
action_aa578b94bcfa98db,activity_5c816517bba4f358,n4,0,leave_home,tommaso_bianchi,2026-08-12T16:27:00+02:00,2026-08-12T16:33:00+02:00,completed,{},"[""entrance_door""]",,
action_e418d78b839dd984,activity_5c816517bba4f358,n5,0,travel_to,tommaso_bianchi,2026-08-12T16:33:00+02:00,2026-08-12T16:39:00+02:00,completed,"{""destination"":""hallway_01""}","[""location:hallway_01""]",,
action_039b9a669767c5a0,activity_5c816517bba4f358,n6,0,enter_home,tommaso_bianchi,2026-08-12T16:39:00+02:00,2026-08-12T16:45:00+02:00,completed,{},"[""entrance_door""]",,
action_c9da473c7fadd271,activity_73f1a10c8889f6df,n2,0,move_to,tommaso_bianchi,2026-08-12T17:30:00+02:00,2026-08-12T17:37:30+02:00,completed,"{""destination"":""kitchen_01""}","[""location:kitchen_01""]",,
action_562488839212050e,activity_73f1a10c8889f6df,n3,0,take_item,tommaso_bianchi,2026-08-12T17:37:30+02:00,2026-08-12T17:45:00+02:00,completed,"{""itemRole"":""cleaning_tool""}","[""service_kitchen_01""]",,
action_41a330d657ea0c46,activity_73f1a10c8889f6df,n4,0,clean,tommaso_bianchi,2026-08-12T17:45:00+02:00,2026-08-12T17:52:30+02:00,completed,"{""targetRole"":""cleaning_target""}","[""service_kitchen_01""]",,
action_5172756571b874ca,activity_73f1a10c8889f6df,n5,0,put_item,tommaso_bianchi,2026-08-12T17:52:30+02:00,2026-08-12T18:00:00+02:00,completed,"{""itemRole"":""cleaning_tool""}","[""service_kitchen_01""]",,
action_d9cdb58a1103861f,activity_860cced324bb9a08,n2,0,move_to,tommaso_bianchi,2026-08-12T19:00:00+02:00,2026-08-12T19:20:00+02:00,completed,"{""destination"":""living_room_01""}","[""location:living_room_01""]",,
action_75779fb3f70a1051,activity_860cced324bb9a08,n3,0,change_posture,tommaso_bianchi,2026-08-12T19:20:00+02:00,2026-08-12T19:40:00+02:00,completed,"{""posture"":""sitting""}","[""tommaso_bianchi""]",,
action_15c8d17a3d7526ff,activity_860cced324bb9a08,n4,0,leisure,tommaso_bianchi,2026-08-12T19:40:00+02:00,2026-08-12T20:00:00+02:00,completed,"{""kind"":""reading""}","[""service_living_room_01""]",,
action_8f8f0d0607549457,activity_a4d5abebcf701d22,n2,0,move_to,tommaso_bianchi,2026-08-12T21:30:00+02:00,2026-08-12T21:37:30+02:00,completed,"{""destination"":""bathroom_01""}","[""location:bathroom_01""]",,
action_51937cddb28a9910,activity_a4d5abebcf701d22,n3,0,personal_care,tommaso_bianchi,2026-08-12T21:37:30+02:00,2026-08-12T21:45:00+02:00,completed,"{""procedure"":""evening_hygiene""}","[""service_bathroom_01""]",,
action_ead7182276f43297,activity_b02d5fcc21589319,n2,0,move_to,tommaso_bianchi,2026-08-12T22:30:00+02:00,2026-08-13T01:10:00+02:00,completed,"{""destination"":""bedroom_01""}","[""location:bedroom_01""]",,
action_842f3820ba562028,activity_b02d5fcc21589319,n3,0,change_posture,tommaso_bianchi,2026-08-13T01:10:00+02:00,2026-08-13T03:50:00+02:00,completed,"{""posture"":""lying""}","[""tommaso_bianchi""]",,
action_159a903151b81f6a,activity_b02d5fcc21589319,n4,0,wait,tommaso_bianchi,2026-08-13T03:50:00+02:00,2026-08-13T06:30:00+02:00,completed,"{""purpose"":""sleeping""}",[],,
action_2fd43d040df5addc,activity_5daf122741ea9b58,n2,0,move_to,tommaso_bianchi,2026-08-13T06:30:00+02:00,2026-08-13T06:35:00+02:00,completed,"{""destination"":""bedroom_01""}","[""location:bedroom_01""]",,
action_53526ef2cc6d9f81,activity_5daf122741ea9b58,n3,0,change_posture,tommaso_bianchi,2026-08-13T06:35:00+02:00,2026-08-13T06:40:00+02:00,completed,"{""posture"":""standing""}","[""tommaso_bianchi""]",,
action_b46a82d777605ba7,activity_ca3f3a2bb121aba6,n2,0,move_to,tommaso_bianchi,2026-08-13T06:45:00+02:00,2026-08-13T06:46:15+02:00,completed,"{""destination"":""bedroom_01""}","[""location:bedroom_01""]",,
action_cf3bf7df78d74fbb,activity_ca3f3a2bb121aba6,n3,0,take_item,tommaso_bianchi,2026-08-13T06:46:15+02:00,2026-08-13T06:47:30+02:00,completed,"{""itemRole"":""medication""}","[""insulin_pen_01""]",,
action_2b29219da9b2e090,activity_ca3f3a2bb121aba6,n4,0,manage_medication,tommaso_bianchi,2026-08-13T06:47:30+02:00,2026-08-13T06:48:45+02:00,completed,"{""operation"":""take""}","[""bed_01""]",,
action_d94f2c2da9dba601,activity_ca3f3a2bb121aba6,n5,0,put_item,tommaso_bianchi,2026-08-13T06:48:45+02:00,2026-08-13T06:50:00+02:00,completed,"{""itemRole"":""medication""}","[""insulin_pen_01""]",,
action_2fbc821ee1b647bb,activity_4fee2e8c1da79edd,n2,0,move_to,tommaso_bianchi,2026-08-13T06:50:00+02:00,2026-08-13T06:54:00+02:00,completed,"{""destination"":""bathroom_01""}","[""location:bathroom_01""]",,
action_6d15d2b4be62f96c,activity_4fee2e8c1da79edd,n3,0,personal_care,tommaso_bianchi,2026-08-13T06:54:00+02:00,2026-08-13T06:58:00+02:00,completed,"{""procedure"":""toilet_use""}","[""service_bathroom_01""]",,
action_33cdd8bad7e649e9,activity_4fee2e8c1da79edd,n4,0,activate,tommaso_bianchi,2026-08-13T06:58:00+02:00,2026-08-13T07:02:00+02:00,completed,"{""target"":""shower_water""}","[""service_bathroom_01""]",,
action_69cc65e4ddc6c1f5,activity_4fee2e8c1da79edd,n5,0,personal_care,tommaso_bianchi,2026-08-13T07:02:00+02:00,2026-08-13T07:06:00+02:00,completed,"{""procedure"":""shower""}","[""service_bathroom_01""]",,
action_b3659c8d09c9f00f,activity_4fee2e8c1da79edd,n6,0,deactivate,tommaso_bianchi,2026-08-13T07:06:00+02:00,2026-08-13T07:10:00+02:00,completed,"{""target"":""shower_water""}","[""service_bathroom_01""]",,
action_5a97572fca203292,activity_b9283b223b97a0ca,n2,0,move_to,tommaso_bianchi,2026-08-13T07:15:00+02:00,2026-08-13T07:17:16.363636+02:00,completed,"{""destination"":""kitchen_01""}","[""location:kitchen_01""]",,
action_9d8fb19a944fd08b,activity_b9283b223b97a0ca,n3,0,open,tommaso_bianchi,2026-08-13T07:17:16.363636+02:00,2026-08-13T07:19:32.727272+02:00,completed,"{""target"":""food_storage""}","[""service_kitchen_01""]",,
action_922bfc46efbdd87b,activity_b9283b223b97a0ca,n4,0,take_item,tommaso_bianchi,2026-08-13T07:19:32.727272+02:00,2026-08-13T07:21:49.090908+02:00,completed,"{""itemRole"":""food_preparation_area""}","[""service_kitchen_01""]",,
action_4eaa94631aeb9e25,activity_b9283b223b97a0ca,n5,0,close,tommaso_bianchi,2026-08-13T07:21:49.090908+02:00,2026-08-13T07:24:05.454544+02:00,completed,"{""target"":""food_storage""}","[""service_kitchen_01""]",,
action_7605e8d43de103a3,activity_b9283b223b97a0ca,n6,0,activate,tommaso_bianchi,2026-08-13T07:24:05.454544+02:00,2026-08-13T07:26:21.818180+02:00,completed,"{""target"":""cooking_appliance""}","[""service_kitchen_01""]",,
action_458a923499da9f92,activity_b9283b223b97a0ca,n7,0,prepare_food,tommaso_bianchi,2026-08-13T07:26:21.818180+02:00,2026-08-13T07:28:38.181816+02:00,completed,"{""mealKind"":""breakfast""}","[""fridge_01""]",,
action_e3432849668f99fa,activity_b9283b223b97a0ca,n8,0,deactivate,tommaso_bianchi,2026-08-13T07:28:38.181816+02:00,2026-08-13T07:30:54.545452+02:00,completed,"{""target"":""cooking_appliance""}","[""service_kitchen_01""]",,
action_cbed00ea844ca26b,activity_b9283b223b97a0ca,n9,0,put_item,tommaso_bianchi,2026-08-13T07:30:54.545452+02:00,2026-08-13T07:33:10.909088+02:00,completed,"{""itemRole"":""food_preparation_area""}","[""service_kitchen_01""]",,
action_e1847716bfb7d603,activity_b9283b223b97a0ca,n10,0,change_posture,tommaso_bianchi,2026-08-13T07:33:10.909088+02:00,2026-08-13T07:35:27.272724+02:00,completed,"{""posture"":""sitting""}","[""tommaso_bianchi""]",,
action_8bc611cb0d81033c,activity_b9283b223b97a0ca,n11,0,consume,tommaso_bianchi,2026-08-13T07:35:27.272724+02:00,2026-08-13T07:37:43.636360+02:00,completed,"{""itemRole"":""consumption_area""}","[""service_kitchen_01""]",,
action_f4bbb53fcfe7e0a9,activity_b9283b223b97a0ca,n12,0,change_posture,tommaso_bianchi,2026-08-13T07:37:43.636360+02:00,2026-08-13T07:39:59.999996+02:00,completed,"{""posture"":""standing""}","[""tommaso_bianchi""]",,
action_3fcb93ff5968a2ee,activity_3815f75f6189cd16,n2,0,move_to_capability,tommaso_bianchi,2026-08-13T07:45:00+02:00,2026-08-13T07:55:00+02:00,completed,"{""targetRole"":""home_exit""}","[""service_garden_workplace""]",,
action_d72d7260535131f4,activity_3815f75f6189cd16,n3,0,leave_home,tommaso_bianchi,2026-08-13T07:55:00+02:00,2026-08-13T08:05:00+02:00,completed,{},"[""entrance_door""]",,
action_ad872ce3a999bc8a,activity_3815f75f6189cd16,n4,0,travel_to,tommaso_bianchi,2026-08-13T08:05:00+02:00,2026-08-13T08:15:00+02:00,completed,"{""destination"":""garden_workplace""}","[""location:garden_workplace""]",,
action_144fcef9340ad1cd,activity_9c7feeff666f2a54,n2,0,move_to,tommaso_bianchi,2026-08-13T08:15:00+02:00,2026-08-13T10:55:00+02:00,completed,"{""destination"":""garden_workplace""}","[""location:garden_workplace""]",,
action_b132140855b2e547,activity_9c7feeff666f2a54,n3,0,change_posture,tommaso_bianchi,2026-08-13T10:55:00+02:00,2026-08-13T13:35:00+02:00,completed,"{""posture"":""standing""}","[""tommaso_bianchi""]",,
action_db631f87d3a7d89e,activity_9c7feeff666f2a54,n4,0,perform_work,tommaso_bianchi,2026-08-13T13:35:00+02:00,2026-08-13T16:15:00+02:00,completed,"{""mode"":""gardening""}","[""service_garden_workplace""]",,
action_0502929e2b14e36f,activity_64e842f032bf147c,n2,0,move_to_capability,tommaso_bianchi,2026-08-13T16:15:00+02:00,2026-08-13T16:21:00+02:00,completed,"{""targetRole"":""home_entrance""}","[""service_hallway_01""]",,
action_db3c1f225cad726a,activity_64e842f032bf147c,n3,0,enter_home,tommaso_bianchi,2026-08-13T16:21:00+02:00,2026-08-13T16:27:00+02:00,completed,{},"[""entrance_door""]",,
action_0d811561a79dbf1f,activity_64e842f032bf147c,n4,0,leave_home,tommaso_bianchi,2026-08-13T16:27:00+02:00,2026-08-13T16:33:00+02:00,completed,{},"[""entrance_door""]",,
action_861072d48927fd55,activity_64e842f032bf147c,n5,0,travel_to,tommaso_bianchi,2026-08-13T16:33:00+02:00,2026-08-13T16:39:00+02:00,completed,"{""destination"":""hallway_01""}","[""location:hallway_01""]",,
action_2d4bb246e63e4a0c,activity_64e842f032bf147c,n6,0,enter_home,tommaso_bianchi,2026-08-13T16:39:00+02:00,2026-08-13T16:45:00+02:00,completed,{},"[""entrance_door""]",,
action_33335c2f998c884c,activity_44c66278a54b6446,n2,0,move_to,tommaso_bianchi,2026-08-13T17:30:00+02:00,2026-08-13T17:33:45+02:00,completed,"{""destination"":""bathroom_01""}","[""location:bathroom_01""]",,
action_fe07090592828e9e,activity_44c66278a54b6446,n3,0,laundry_step,tommaso_bianchi,2026-08-13T17:33:45+02:00,2026-08-13T17:37:30+02:00,completed,"{""operation"":""collect""}","[""service_bathroom_01""]",,
action_a23155dce4f4a638,activity_44c66278a54b6446,n4,0,laundry_step,tommaso_bianchi,2026-08-13T17:37:30+02:00,2026-08-13T17:41:15+02:00,completed,"{""operation"":""load""}","[""service_bathroom_01""]",,
action_6eafc330879db3aa,activity_44c66278a54b6446,n5,0,laundry_step,tommaso_bianchi,2026-08-13T17:41:15+02:00,2026-08-13T17:45:00+02:00,completed,"{""operation"":""start""}","[""service_bathroom_01""]",,
action_e64f9c0cd7f1e484,activity_4d51d025a619ded9,n2,0,move_to,tommaso_bianchi,2026-08-13T19:00:00+02:00,2026-08-13T19:07:30+02:00,completed,"{""destination"":""bathroom_01""}","[""location:bathroom_01""]",,
action_5eabf5175aebbd8c,activity_4d51d025a619ded9,n3,0,laundry_step,tommaso_bianchi,2026-08-13T19:07:30+02:00,2026-08-13T19:15:00+02:00,completed,"{""operation"":""hang""}","[""service_bathroom_01""]",,
action_5ec233bbb75c7b4c,activity_e651cffb4dba8f24,n2,0,move_to,tommaso_bianchi,2026-08-13T21:30:00+02:00,2026-08-13T21:37:30+02:00,completed,"{""destination"":""bathroom_01""}","[""location:bathroom_01""]",,
action_64acf5a60e7948df,activity_e651cffb4dba8f24,n3,0,personal_care,tommaso_bianchi,2026-08-13T21:37:30+02:00,2026-08-13T21:45:00+02:00,completed,"{""procedure"":""evening_hygiene""}","[""service_bathroom_01""]",,
action_3c896acc2631ccf2,activity_5e9d4a96efa995a3,n2,0,move_to,tommaso_bianchi,2026-08-13T22:30:00+02:00,2026-08-14T01:10:00+02:00,completed,"{""destination"":""bedroom_01""}","[""location:bedroom_01""]",,
action_1e4139ac837b17cb,activity_5e9d4a96efa995a3,n3,0,change_posture,tommaso_bianchi,2026-08-14T01:10:00+02:00,2026-08-14T03:50:00+02:00,completed,"{""posture"":""lying""}","[""tommaso_bianchi""]",,
action_fde984a53c21f6c8,activity_5e9d4a96efa995a3,n4,0,wait,tommaso_bianchi,2026-08-14T03:50:00+02:00,2026-08-14T06:30:00+02:00,completed,"{""purpose"":""sleeping""}",[],,
action_9907905092f3c43b,activity_a5954dc5ddece62e,n2,0,move_to,tommaso_bianchi,2026-08-14T06:30:00+02:00,2026-08-14T06:35:00+02:00,completed,"{""destination"":""bedroom_01""}","[""location:bedroom_01""]",,
action_0c4dda96d411b5e3,activity_a5954dc5ddece62e,n3,0,change_posture,tommaso_bianchi,2026-08-14T06:35:00+02:00,2026-08-14T06:40:00+02:00,completed,"{""posture"":""standing""}","[""tommaso_bianchi""]",,
action_61b5060f63c797d5,activity_b676e61031b3d162,n2,0,move_to,tommaso_bianchi,2026-08-14T06:45:00+02:00,2026-08-14T06:46:15+02:00,completed,"{""destination"":""bedroom_01""}","[""location:bedroom_01""]",,
action_0dcb3f839b08d96d,activity_b676e61031b3d162,n3,0,take_item,tommaso_bianchi,2026-08-14T06:46:15+02:00,2026-08-14T06:47:30+02:00,completed,"{""itemRole"":""medication""}","[""insulin_pen_01""]",,
action_b5eac02a1cea9538,activity_b676e61031b3d162,n4,0,manage_medication,tommaso_bianchi,2026-08-14T06:47:30+02:00,2026-08-14T06:48:45+02:00,completed,"{""operation"":""take""}","[""bed_01""]",,
action_2be769ed828aa3bf,activity_b676e61031b3d162,n5,0,put_item,tommaso_bianchi,2026-08-14T06:48:45+02:00,2026-08-14T06:50:00+02:00,completed,"{""itemRole"":""medication""}","[""insulin_pen_01""]",,
action_0be3ec6995f4ccc5,activity_e3cf4c9153e47764,n2,0,move_to,tommaso_bianchi,2026-08-14T06:50:00+02:00,2026-08-14T06:54:00+02:00,completed,"{""destination"":""bathroom_01""}","[""location:bathroom_01""]",,
action_455ad0e1c1987178,activity_e3cf4c9153e47764,n3,0,personal_care,tommaso_bianchi,2026-08-14T06:54:00+02:00,2026-08-14T06:58:00+02:00,completed,"{""procedure"":""toilet_use""}","[""service_bathroom_01""]",,
action_f4c9f4744ec17c20,activity_e3cf4c9153e47764,n4,0,activate,tommaso_bianchi,2026-08-14T06:58:00+02:00,2026-08-14T07:02:00+02:00,completed,"{""target"":""shower_water""}","[""service_bathroom_01""]",,
action_a4f261fcf3538fd8,activity_e3cf4c9153e47764,n5,0,personal_care,tommaso_bianchi,2026-08-14T07:02:00+02:00,2026-08-14T07:06:00+02:00,completed,"{""procedure"":""shower""}","[""service_bathroom_01""]",,
action_2b089e8c59bd0bc7,activity_e3cf4c9153e47764,n6,0,deactivate,tommaso_bianchi,2026-08-14T07:06:00+02:00,2026-08-14T07:10:00+02:00,completed,"{""target"":""shower_water""}","[""service_bathroom_01""]",,
action_4e562db1fb820610,activity_f9ec55eef4905a9f,n2,0,move_to,tommaso_bianchi,2026-08-14T07:15:00+02:00,2026-08-14T07:17:16.363636+02:00,completed,"{""destination"":""kitchen_01""}","[""location:kitchen_01""]",,
action_5ec31507a3db6fea,activity_f9ec55eef4905a9f,n3,0,open,tommaso_bianchi,2026-08-14T07:17:16.363636+02:00,2026-08-14T07:19:32.727272+02:00,completed,"{""target"":""food_storage""}","[""service_kitchen_01""]",,
action_fa6bb61250c7cf8a,activity_f9ec55eef4905a9f,n4,0,take_item,tommaso_bianchi,2026-08-14T07:19:32.727272+02:00,2026-08-14T07:21:49.090908+02:00,completed,"{""itemRole"":""food_preparation_area""}","[""service_kitchen_01""]",,
action_3d84c18781427c3f,activity_f9ec55eef4905a9f,n5,0,close,tommaso_bianchi,2026-08-14T07:21:49.090908+02:00,2026-08-14T07:24:05.454544+02:00,completed,"{""target"":""food_storage""}","[""service_kitchen_01""]",,
action_1d3d72a54a037bb1,activity_f9ec55eef4905a9f,n6,0,activate,tommaso_bianchi,2026-08-14T07:24:05.454544+02:00,2026-08-14T07:26:21.818180+02:00,completed,"{""target"":""cooking_appliance""}","[""service_kitchen_01""]",,
action_a8f4dc07279b5757,activity_f9ec55eef4905a9f,n7,0,prepare_food,tommaso_bianchi,2026-08-14T07:26:21.818180+02:00,2026-08-14T07:28:38.181816+02:00,completed,"{""mealKind"":""breakfast""}","[""fridge_01""]",,
action_eaf44a5115315443,activity_f9ec55eef4905a9f,n8,0,deactivate,tommaso_bianchi,2026-08-14T07:28:38.181816+02:00,2026-08-14T07:30:54.545452+02:00,completed,"{""target"":""cooking_appliance""}","[""service_kitchen_01""]",,
action_417caf946c482142,activity_f9ec55eef4905a9f,n9,0,put_item,tommaso_bianchi,2026-08-14T07:30:54.545452+02:00,2026-08-14T07:33:10.909088+02:00,completed,"{""itemRole"":""food_preparation_area""}","[""service_kitchen_01""]",,
action_f6f1a4f82f395eaf,activity_f9ec55eef4905a9f,n10,0,change_posture,tommaso_bianchi,2026-08-14T07:33:10.909088+02:00,2026-08-14T07:35:27.272724+02:00,completed,"{""posture"":""sitting""}","[""tommaso_bianchi""]",,
action_4186d6c8d9767bf3,activity_f9ec55eef4905a9f,n11,0,consume,tommaso_bianchi,2026-08-14T07:35:27.272724+02:00,2026-08-14T07:37:43.636360+02:00,completed,"{""itemRole"":""consumption_area""}","[""service_kitchen_01""]",,
action_0c8c24191a996809,activity_f9ec55eef4905a9f,n12,0,change_posture,tommaso_bianchi,2026-08-14T07:37:43.636360+02:00,2026-08-14T07:39:59.999996+02:00,completed,"{""posture"":""standing""}","[""tommaso_bianchi""]",,
action_2a88fb8a15e0b629,activity_6b9b638bf9e8219b,n2,0,move_to_capability,tommaso_bianchi,2026-08-14T07:45:00+02:00,2026-08-14T07:55:00+02:00,completed,"{""targetRole"":""home_exit""}","[""service_garden_workplace""]",,
action_6f9f42fe8df26a8e,activity_6b9b638bf9e8219b,n3,0,leave_home,tommaso_bianchi,2026-08-14T07:55:00+02:00,2026-08-14T08:05:00+02:00,completed,{},"[""entrance_door""]",,
action_238473014238ade4,activity_6b9b638bf9e8219b,n4,0,travel_to,tommaso_bianchi,2026-08-14T08:05:00+02:00,2026-08-14T08:15:00+02:00,completed,"{""destination"":""garden_workplace""}","[""location:garden_workplace""]",,
action_9a8a7e5a17547542,activity_29d953512cda54c1,n2,0,move_to,tommaso_bianchi,2026-08-14T08:15:00+02:00,2026-08-14T10:55:00+02:00,completed,"{""destination"":""garden_workplace""}","[""location:garden_workplace""]",,
action_5292dd752afd451b,activity_29d953512cda54c1,n3,0,change_posture,tommaso_bianchi,2026-08-14T10:55:00+02:00,2026-08-14T13:35:00+02:00,completed,"{""posture"":""standing""}","[""tommaso_bianchi""]",,
action_7fa8dae45674bd2d,activity_29d953512cda54c1,n4,0,perform_work,tommaso_bianchi,2026-08-14T13:35:00+02:00,2026-08-14T16:15:00+02:00,completed,"{""mode"":""gardening""}","[""service_garden_workplace""]",,
action_5ff874d2affd4510,activity_0fccb6642928190b,n2,0,move_to_capability,tommaso_bianchi,2026-08-14T16:15:00+02:00,2026-08-14T16:21:00+02:00,completed,"{""targetRole"":""home_entrance""}","[""service_hallway_01""]",,
action_b4e468b7a14b2c3e,activity_0fccb6642928190b,n3,0,enter_home,tommaso_bianchi,2026-08-14T16:21:00+02:00,2026-08-14T16:27:00+02:00,completed,{},"[""entrance_door""]",,
action_74cd8bf0f207ab2a,activity_0fccb6642928190b,n4,0,leave_home,tommaso_bianchi,2026-08-14T16:27:00+02:00,2026-08-14T16:33:00+02:00,completed,{},"[""entrance_door""]",,
action_30672f8c830d4438,activity_0fccb6642928190b,n5,0,travel_to,tommaso_bianchi,2026-08-14T16:33:00+02:00,2026-08-14T16:39:00+02:00,completed,"{""destination"":""hallway_01""}","[""location:hallway_01""]",,
action_3187103c44400058,activity_0fccb6642928190b,n6,0,enter_home,tommaso_bianchi,2026-08-14T16:39:00+02:00,2026-08-14T16:45:00+02:00,completed,{},"[""entrance_door""]",,
action_4b93b9e9f28883cc,activity_8028d03a5c835cf8,n2,0,move_to_capability,tommaso_bianchi,2026-08-14T17:30:00+02:00,2026-08-14T17:35:00+02:00,completed,"{""targetRole"":""home_exit""}","[""service_supermarket_barcelona""]",,
action_036b4cbd12dd3c2f,activity_8028d03a5c835cf8,n3,0,leave_home,tommaso_bianchi,2026-08-14T17:35:00+02:00,2026-08-14T17:40:00+02:00,completed,{},"[""entrance_door""]",,
action_d3f55680da5d13ea,activity_8028d03a5c835cf8,n4,0,travel_to,tommaso_bianchi,2026-08-14T17:40:00+02:00,2026-08-14T17:45:00+02:00,completed,"{""destination"":""supermarket_barcelona""}","[""location:supermarket_barcelona""]",,
action_8c767de2c9047bd8,activity_7411d4d5d1b144b3,n2,0,move_to,tommaso_bianchi,2026-08-14T17:50:00+02:00,2026-08-14T18:00:00+02:00,completed,"{""destination"":""supermarket_barcelona""}","[""location:supermarket_barcelona""]",,
action_cd162f0cafce149a,activity_7411d4d5d1b144b3,n3,0,shop,tommaso_bianchi,2026-08-14T18:00:00+02:00,2026-08-14T18:10:00+02:00,completed,"{""purpose"":""groceries""}","[""service_supermarket_barcelona""]",,
action_dffc31abcc4998c5,activity_7411d4d5d1b144b3,n4,0,take_item,tommaso_bianchi,2026-08-14T18:10:00+02:00,2026-08-14T18:20:00+02:00,completed,"{""itemRole"":""purchases""}","[""service_supermarket_barcelona""]",,
action_b429c08d0c984fbc,activity_70e2973859fd91ac,n2,0,move_to_capability,tommaso_bianchi,2026-08-14T18:30:00+02:00,2026-08-14T18:33:45+02:00,completed,"{""targetRole"":""home_entrance""}","[""service_kitchen_01""]",,
action_1107c21f1a7fb957,activity_70e2973859fd91ac,n3,0,enter_home,tommaso_bianchi,2026-08-14T18:33:45+02:00,2026-08-14T18:37:30+02:00,completed,{},"[""entrance_door""]",,
action_e3a34c4bd1fc7d67,activity_70e2973859fd91ac,n4,0,leave_home,tommaso_bianchi,2026-08-14T18:37:30+02:00,2026-08-14T18:41:15+02:00,completed,{},"[""entrance_door""]",,
action_016169fdd7a5e2d8,activity_70e2973859fd91ac,n5,0,travel_to,tommaso_bianchi,2026-08-14T18:41:15+02:00,2026-08-14T18:45:00+02:00,completed,"{""destination"":""kitchen_01""}","[""location:kitchen_01""]",,
action_29d4c321f23a583d,activity_70e2973859fd91ac,n6,0,enter_home,tommaso_bianchi,2026-08-14T18:45:00+02:00,2026-08-14T18:48:45+02:00,completed,{},"[""entrance_door""]",,
action_0f1c9aabb1922579,activity_70e2973859fd91ac,n7,0,open,tommaso_bianchi,2026-08-14T18:48:45+02:00,2026-08-14T18:52:30+02:00,completed,"{""target"":""household_storage""}","[""service_kitchen_01""]",,
action_1782a9a3963c85fc,activity_70e2973859fd91ac,n8,0,put_item,tommaso_bianchi,2026-08-14T18:52:30+02:00,2026-08-14T18:56:15+02:00,completed,"{""itemRole"":""purchases""}","[""service_kitchen_01""]",,
action_81121151583fcebd,activity_70e2973859fd91ac,n9,0,close,tommaso_bianchi,2026-08-14T18:56:15+02:00,2026-08-14T19:00:00+02:00,completed,"{""target"":""household_storage""}","[""service_kitchen_01""]",,
action_dd23c0a043544421,activity_5d5147e2b2f39fb7,n2,0,move_to,tommaso_bianchi,2026-08-14T21:30:00+02:00,2026-08-14T21:37:30+02:00,completed,"{""destination"":""bathroom_01""}","[""location:bathroom_01""]",,
action_b406c0fc8b71b4d2,activity_5d5147e2b2f39fb7,n3,0,personal_care,tommaso_bianchi,2026-08-14T21:37:30+02:00,2026-08-14T21:45:00+02:00,completed,"{""procedure"":""evening_hygiene""}","[""service_bathroom_01""]",,
action_ac610764ed39bbb4,activity_370d06a7abcf2318,n2,0,move_to,tommaso_bianchi,2026-08-14T22:30:00+02:00,2026-08-15T01:10:00+02:00,completed,"{""destination"":""bedroom_01""}","[""location:bedroom_01""]",,
action_141b95e56036c75a,activity_370d06a7abcf2318,n3,0,change_posture,tommaso_bianchi,2026-08-15T01:10:00+02:00,2026-08-15T03:50:00+02:00,completed,"{""posture"":""lying""}","[""tommaso_bianchi""]",,
action_1ad9015fcfaf0499,activity_370d06a7abcf2318,n4,0,wait,tommaso_bianchi,2026-08-15T03:50:00+02:00,2026-08-15T06:30:00+02:00,completed,"{""purpose"":""sleeping""}",[],,
action_e7b13e5db5809d2b,activity_579b15b2b99de4b7,n2,0,move_to,tommaso_bianchi,2026-08-15T08:00:00+02:00,2026-08-15T08:05:00+02:00,completed,"{""destination"":""bedroom_01""}","[""location:bedroom_01""]",,
action_2af990d547ae0923,activity_579b15b2b99de4b7,n3,0,change_posture,tommaso_bianchi,2026-08-15T08:05:00+02:00,2026-08-15T08:10:00+02:00,completed,"{""posture"":""standing""}","[""tommaso_bianchi""]",,
action_78f4a92f9b13e2d7,activity_8bb863c373aada14,n2,0,move_to,tommaso_bianchi,2026-08-15T08:15:00+02:00,2026-08-15T08:16:15+02:00,completed,"{""destination"":""bedroom_01""}","[""location:bedroom_01""]",,
action_e6791b9803001fae,activity_8bb863c373aada14,n3,0,take_item,tommaso_bianchi,2026-08-15T08:16:15+02:00,2026-08-15T08:17:30+02:00,completed,"{""itemRole"":""medication""}","[""insulin_pen_01""]",,
action_a76f6f2d6cba8a2c,activity_8bb863c373aada14,n4,0,manage_medication,tommaso_bianchi,2026-08-15T08:17:30+02:00,2026-08-15T08:18:45+02:00,completed,"{""operation"":""take""}","[""bed_01""]",,
action_c72aeb93972af912,activity_8bb863c373aada14,n5,0,put_item,tommaso_bianchi,2026-08-15T08:18:45+02:00,2026-08-15T08:20:00+02:00,completed,"{""itemRole"":""medication""}","[""insulin_pen_01""]",,
action_df51f1a9c330de1f,activity_b3c334aa5f6bb845,n2,0,move_to,tommaso_bianchi,2026-08-15T08:30:00+02:00,2026-08-15T08:33:45+02:00,completed,"{""destination"":""kitchen_01""}","[""location:kitchen_01""]",,
action_31a61ff6cd390468,activity_b3c334aa5f6bb845,n3,0,open,tommaso_bianchi,2026-08-15T08:33:45+02:00,2026-08-15T08:37:30+02:00,completed,"{""target"":""food_storage""}","[""service_kitchen_01""]",,
action_ae94884cceac112d,activity_b3c334aa5f6bb845,n4,0,take_item,tommaso_bianchi,2026-08-15T08:37:30+02:00,2026-08-15T08:41:15+02:00,completed,"{""itemRole"":""food_preparation_area""}","[""service_kitchen_01""]",,
action_fed56cf97a34f762,activity_b3c334aa5f6bb845,n5,0,close,tommaso_bianchi,2026-08-15T08:41:15+02:00,2026-08-15T08:45:00+02:00,completed,"{""target"":""food_storage""}","[""service_kitchen_01""]",,
action_19f75fbc635f90ea,activity_b3c334aa5f6bb845,n6,0,activate,tommaso_bianchi,2026-08-15T08:45:00+02:00,2026-08-15T08:48:45+02:00,completed,"{""target"":""cooking_appliance""}","[""service_kitchen_01""]",,
action_5013d27a9309ca97,activity_b3c334aa5f6bb845,n7,0,prepare_food,tommaso_bianchi,2026-08-15T08:48:45+02:00,2026-08-15T08:52:30+02:00,completed,"{""mealKind"":""breakfast""}","[""fridge_01""]",,
action_d76cb44917e01973,activity_b3c334aa5f6bb845,n8,0,deactivate,tommaso_bianchi,2026-08-15T08:52:30+02:00,2026-08-15T08:56:15+02:00,completed,"{""target"":""cooking_appliance""}","[""service_kitchen_01""]",,
action_bcc337a73524a712,activity_b3c334aa5f6bb845,n9,0,put_item,tommaso_bianchi,2026-08-15T08:56:15+02:00,2026-08-15T09:00:00+02:00,completed,"{""itemRole"":""food_preparation_area""}","[""service_kitchen_01""]",,
action_36e303491d3e028a,activity_3e60463c9244827e,n2,0,move_to,tommaso_bianchi,2026-08-15T10:00:00+02:00,2026-08-15T10:05:00+02:00,completed,"{""destination"":""living_room_01""}","[""location:living_room_01""]",,
action_a743cdff39a675fa,activity_3e60463c9244827e,n3,0,take_item,tommaso_bianchi,2026-08-15T10:05:00+02:00,2026-08-15T10:10:00+02:00,completed,"{""itemRole"":""vacuum_cleaner""}","[""service_living_room_01""]",,
action_43f9fcd7b9b2dfb4,activity_3e60463c9244827e,n4,0,activate,tommaso_bianchi,2026-08-15T10:10:00+02:00,2026-08-15T10:15:00+02:00,completed,"{""target"":""vacuum_cleaner""}","[""service_living_room_01""]",,
action_deaff5ec53006151,activity_3e60463c9244827e,n5,0,clean,tommaso_bianchi,2026-08-15T10:15:00+02:00,2026-08-15T10:20:00+02:00,completed,"{""targetRole"":""cleaning_target""}","[""service_living_room_01""]",,
action_7ce31edf37014b7c,activity_3e60463c9244827e,n6,0,deactivate,tommaso_bianchi,2026-08-15T10:20:00+02:00,2026-08-15T10:25:00+02:00,completed,"{""target"":""vacuum_cleaner""}","[""service_living_room_01""]",,
action_912e345cb0d30459,activity_3e60463c9244827e,n7,0,put_item,tommaso_bianchi,2026-08-15T10:25:00+02:00,2026-08-15T10:30:00+02:00,completed,"{""itemRole"":""vacuum_cleaner""}","[""service_living_room_01""]",,
action_e6c7afc0f2288029,activity_3e60463c9244827e,n8,0,take_item,tommaso_bianchi,2026-08-15T10:30:00+02:00,2026-08-15T10:35:00+02:00,completed,"{""itemRole"":""cleaning_tool""}","[""service_living_room_01""]",,
action_ad8bd71275c54c48,activity_3e60463c9244827e,n9,0,clean,tommaso_bianchi,2026-08-15T10:35:00+02:00,2026-08-15T10:40:00+02:00,completed,"{""targetRole"":""cleaning_target""}","[""service_living_room_01""]",,
action_fdc4cf33d83e0716,activity_3e60463c9244827e,n10,0,put_item,tommaso_bianchi,2026-08-15T10:40:00+02:00,2026-08-15T10:45:00+02:00,completed,"{""itemRole"":""cleaning_tool""}","[""service_living_room_01""]",,
action_047edb088a632d38,activity_e0b9a4ec33fb0023,n2,0,move_to,tommaso_bianchi,2026-08-15T13:00:00+02:00,2026-08-15T13:03:45+02:00,completed,"{""destination"":""kitchen_01""}","[""location:kitchen_01""]",,
action_cf7f1dfa69d83804,activity_e0b9a4ec33fb0023,n3,0,open,tommaso_bianchi,2026-08-15T13:03:45+02:00,2026-08-15T13:07:30+02:00,completed,"{""target"":""food_storage""}","[""service_kitchen_01""]",,
action_14aa0ce8fd4c23cd,activity_e0b9a4ec33fb0023,n4,0,take_item,tommaso_bianchi,2026-08-15T13:07:30+02:00,2026-08-15T13:11:15+02:00,completed,"{""itemRole"":""food_preparation_area""}","[""service_kitchen_01""]",,
action_e25b1e5ea8a1dcc7,activity_e0b9a4ec33fb0023,n5,0,close,tommaso_bianchi,2026-08-15T13:11:15+02:00,2026-08-15T13:15:00+02:00,completed,"{""target"":""food_storage""}","[""service_kitchen_01""]",,
action_96ec07d7acf51161,activity_e0b9a4ec33fb0023,n6,0,activate,tommaso_bianchi,2026-08-15T13:15:00+02:00,2026-08-15T13:18:45+02:00,completed,"{""target"":""cooking_appliance""}","[""service_kitchen_01""]",,
action_fce4bbd479cfcc55,activity_e0b9a4ec33fb0023,n7,0,prepare_food,tommaso_bianchi,2026-08-15T13:18:45+02:00,2026-08-15T13:22:30+02:00,completed,"{""mealKind"":""lunch""}","[""fridge_01""]",,
action_218d64785cba5b8a,activity_e0b9a4ec33fb0023,n8,0,deactivate,tommaso_bianchi,2026-08-15T13:22:30+02:00,2026-08-15T13:26:15+02:00,completed,"{""target"":""cooking_appliance""}","[""service_kitchen_01""]",,
action_2683fee6a57d902a,activity_e0b9a4ec33fb0023,n9,0,put_item,tommaso_bianchi,2026-08-15T13:26:15+02:00,2026-08-15T13:30:00+02:00,completed,"{""itemRole"":""food_preparation_area""}","[""service_kitchen_01""]",,
action_f00425de2c8ab60b,activity_a3446c7a62979602,n2,0,move_to,tommaso_bianchi,2026-08-15T13:35:00+02:00,2026-08-15T13:50:00+02:00,completed,"{""destination"":""kitchen_01""}","[""location:kitchen_01""]",,
action_0dd727e39573a0b9,activity_a3446c7a62979602,n3,0,change_posture,tommaso_bianchi,2026-08-15T13:50:00+02:00,2026-08-15T14:05:00+02:00,completed,"{""posture"":""sitting""}","[""tommaso_bianchi""]",,
action_e8a3d5b65552b463,activity_a3446c7a62979602,n4,0,consume,tommaso_bianchi,2026-08-15T14:05:00+02:00,2026-08-15T14:20:00+02:00,completed,"{""itemRole"":""consumption_area""}","[""service_kitchen_01""]",,
action_0a6bc4855d4f670b,activity_a3446c7a62979602,n5,0,change_posture,tommaso_bianchi,2026-08-15T14:20:00+02:00,2026-08-15T14:35:00+02:00,completed,"{""posture"":""standing""}","[""tommaso_bianchi""]",,
action_0125ddfb5aaf9572,activity_57c6900bd8d19073,n2,0,move_to,tommaso_bianchi,2026-08-15T15:30:00+02:00,2026-08-15T15:42:00+02:00,completed,"{""destination"":""living_room_01""}","[""location:living_room_01""]",,
action_e7c9a50c6b1e4c3a,activity_57c6900bd8d19073,n3,0,change_posture,tommaso_bianchi,2026-08-15T15:42:00+02:00,2026-08-15T15:54:00+02:00,completed,"{""posture"":""sitting""}","[""tommaso_bianchi""]",,
action_f755241f6f123a2a,activity_57c6900bd8d19073,n4,0,wait,tommaso_bianchi,2026-08-15T15:54:00+02:00,2026-08-15T16:06:00+02:00,completed,"{""purpose"":""resting""}",[],,
action_9661ff7c6117d7af,activity_57c6900bd8d19073,n5,0,change_posture,tommaso_bianchi,2026-08-15T16:06:00+02:00,2026-08-15T16:18:00+02:00,completed,"{""posture"":""lying""}","[""tommaso_bianchi""]",,
action_dc7edc507c2245c6,activity_57c6900bd8d19073,n6,0,wait,tommaso_bianchi,2026-08-15T16:18:00+02:00,2026-08-15T16:30:00+02:00,completed,"{""purpose"":""napping""}",[],,
action_8afebb6e5369b3b4,activity_6bed6ad828d5baf9,n2,0,move_to,tommaso_bianchi,2026-08-15T21:30:00+02:00,2026-08-15T21:37:30+02:00,completed,"{""destination"":""bathroom_01""}","[""location:bathroom_01""]",,
action_e1248bdb5570da49,activity_6bed6ad828d5baf9,n3,0,personal_care,tommaso_bianchi,2026-08-15T21:37:30+02:00,2026-08-15T21:45:00+02:00,completed,"{""procedure"":""evening_hygiene""}","[""service_bathroom_01""]",,
action_bd2f1d26b382d0a9,activity_191e203ba47c0351,n2,0,move_to,tommaso_bianchi,2026-08-15T22:30:00+02:00,2026-08-16T01:10:00+02:00,completed,"{""destination"":""bedroom_01""}","[""location:bedroom_01""]",,
action_7711b14d9b287d7c,activity_191e203ba47c0351,n3,0,change_posture,tommaso_bianchi,2026-08-16T01:10:00+02:00,2026-08-16T03:50:00+02:00,completed,"{""posture"":""lying""}","[""tommaso_bianchi""]",,
action_c460fcdcfaceb5b9,activity_191e203ba47c0351,n4,0,wait,tommaso_bianchi,2026-08-16T03:50:00+02:00,2026-08-16T06:30:00+02:00,completed,"{""purpose"":""sleeping""}",[],,
action_1ab2605ac6a09d7e,activity_adddc5dcea60e5cd,n2,0,move_to,tommaso_bianchi,2026-08-16T08:00:00+02:00,2026-08-16T08:05:00+02:00,completed,"{""destination"":""bedroom_01""}","[""location:bedroom_01""]",,
action_611a9dadad02ebe4,activity_adddc5dcea60e5cd,n3,0,change_posture,tommaso_bianchi,2026-08-16T08:05:00+02:00,2026-08-16T08:10:00+02:00,completed,"{""posture"":""standing""}","[""tommaso_bianchi""]",,
action_cab68cb1a5524c3e,activity_9fcfc8f1578b4e79,n2,0,move_to,tommaso_bianchi,2026-08-16T08:15:00+02:00,2026-08-16T08:16:15+02:00,completed,"{""destination"":""bedroom_01""}","[""location:bedroom_01""]",,
action_c2bbc94c5647f7c5,activity_9fcfc8f1578b4e79,n3,0,take_item,tommaso_bianchi,2026-08-16T08:16:15+02:00,2026-08-16T08:17:30+02:00,completed,"{""itemRole"":""medication""}","[""insulin_pen_01""]",,
action_db72699d3963095d,activity_9fcfc8f1578b4e79,n4,0,manage_medication,tommaso_bianchi,2026-08-16T08:17:30+02:00,2026-08-16T08:18:45+02:00,completed,"{""operation"":""take""}","[""bed_01""]",,
action_b0aadbcd08506b08,activity_9fcfc8f1578b4e79,n5,0,put_item,tommaso_bianchi,2026-08-16T08:18:45+02:00,2026-08-16T08:20:00+02:00,completed,"{""itemRole"":""medication""}","[""insulin_pen_01""]",,
action_2cbf11cffcbe2f31,activity_cb1524fb11a4165c,n2,0,move_to,tommaso_bianchi,2026-08-16T08:30:00+02:00,2026-08-16T08:33:45+02:00,completed,"{""destination"":""kitchen_01""}","[""location:kitchen_01""]",,
action_f96e3b5f52a6c17e,activity_cb1524fb11a4165c,n3,0,open,tommaso_bianchi,2026-08-16T08:33:45+02:00,2026-08-16T08:37:30+02:00,completed,"{""target"":""food_storage""}","[""service_kitchen_01""]",,
action_9bb32351c3a2bc20,activity_cb1524fb11a4165c,n4,0,take_item,tommaso_bianchi,2026-08-16T08:37:30+02:00,2026-08-16T08:41:15+02:00,completed,"{""itemRole"":""food_preparation_area""}","[""service_kitchen_01""]",,
action_2e600afd87d65f1c,activity_cb1524fb11a4165c,n5,0,close,tommaso_bianchi,2026-08-16T08:41:15+02:00,2026-08-16T08:45:00+02:00,completed,"{""target"":""food_storage""}","[""service_kitchen_01""]",,
action_f34d7fae8604984f,activity_cb1524fb11a4165c,n6,0,activate,tommaso_bianchi,2026-08-16T08:45:00+02:00,2026-08-16T08:48:45+02:00,completed,"{""target"":""cooking_appliance""}","[""service_kitchen_01""]",,
action_712a4ec388c27611,activity_cb1524fb11a4165c,n7,0,prepare_food,tommaso_bianchi,2026-08-16T08:48:45+02:00,2026-08-16T08:52:30+02:00,completed,"{""mealKind"":""breakfast""}","[""fridge_01""]",,
action_45df6a4cf7e4b2dd,activity_cb1524fb11a4165c,n8,0,deactivate,tommaso_bianchi,2026-08-16T08:52:30+02:00,2026-08-16T08:56:15+02:00,completed,"{""target"":""cooking_appliance""}","[""service_kitchen_01""]",,
action_ba50e2c6bead7b10,activity_cb1524fb11a4165c,n9,0,put_item,tommaso_bianchi,2026-08-16T08:56:15+02:00,2026-08-16T09:00:00+02:00,completed,"{""itemRole"":""food_preparation_area""}","[""service_kitchen_01""]",,
action_20b45e89b5180080,activity_a9bca42be169af5f,n2,0,move_to_capability,tommaso_bianchi,2026-08-16T12:00:00+02:00,2026-08-16T12:10:00+02:00,completed,"{""targetRole"":""home_exit""}","[""service_mother_house_barcelona""]",,
action_77a6cd709ae8ad2c,activity_a9bca42be169af5f,n3,0,leave_home,tommaso_bianchi,2026-08-16T12:10:00+02:00,2026-08-16T12:20:00+02:00,completed,{},"[""entrance_door""]",,
action_c34997c3aa8db0c4,activity_a9bca42be169af5f,n4,0,travel_to,tommaso_bianchi,2026-08-16T12:20:00+02:00,2026-08-16T12:30:00+02:00,completed,"{""destination"":""mother_house_barcelona""}","[""location:mother_house_barcelona""]",,
action_06b3daa41833f10d,activity_d9cda5f0f49ad1ea,n2,0,move_to,tommaso_bianchi,2026-08-16T12:40:00+02:00,2026-08-16T13:28:00+02:00,completed,"{""destination"":""mother_house_barcelona""}","[""location:mother_house_barcelona""]",,
action_3bc734b90056cc5c,activity_d9cda5f0f49ad1ea,n3,0,communicate,tommaso_bianchi,2026-08-16T13:28:00+02:00,2026-08-16T14:16:00+02:00,completed,"{""channel"":""in_person""}","[""service_mother_house_barcelona""]",,
action_cdb67be69ebac856,activity_d9cda5f0f49ad1ea,n4,0,change_posture,tommaso_bianchi,2026-08-16T14:16:00+02:00,2026-08-16T15:04:00+02:00,completed,"{""posture"":""sitting""}","[""tommaso_bianchi""]",,
action_d7e7f04736a30ff0,activity_d9cda5f0f49ad1ea,n5,0,consume,tommaso_bianchi,2026-08-16T15:04:00+02:00,2026-08-16T15:52:00+02:00,completed,"{""itemRole"":""consumption_area""}","[""service_mother_house_barcelona""]",,
action_0a5ef21b7b315b36,activity_d9cda5f0f49ad1ea,n6,0,change_posture,tommaso_bianchi,2026-08-16T15:52:00+02:00,2026-08-16T16:40:00+02:00,completed,"{""posture"":""standing""}","[""tommaso_bianchi""]",,
action_21f5176723e34dab,activity_299b85bfc70df4b2,n2,0,move_to_capability,tommaso_bianchi,2026-08-16T17:00:00+02:00,2026-08-16T17:06:00+02:00,completed,"{""targetRole"":""home_entrance""}","[""service_hallway_01""]",,
action_fafe59788c0f68ef,activity_299b85bfc70df4b2,n3,0,enter_home,tommaso_bianchi,2026-08-16T17:06:00+02:00,2026-08-16T17:12:00+02:00,completed,{},"[""entrance_door""]",,
action_474f6e9f22c4a00d,activity_299b85bfc70df4b2,n4,0,leave_home,tommaso_bianchi,2026-08-16T17:12:00+02:00,2026-08-16T17:18:00+02:00,completed,{},"[""entrance_door""]",,
action_5d381cb1d6dba1bd,activity_299b85bfc70df4b2,n5,0,travel_to,tommaso_bianchi,2026-08-16T17:18:00+02:00,2026-08-16T17:24:00+02:00,completed,"{""destination"":""hallway_01""}","[""location:hallway_01""]",,
action_546d6f69735d6170,activity_299b85bfc70df4b2,n6,0,enter_home,tommaso_bianchi,2026-08-16T17:24:00+02:00,2026-08-16T17:30:00+02:00,completed,{},"[""entrance_door""]",,
action_8a23dc3ad51dda38,activity_f026b9a2fe86a3a9,n2,0,move_to,tommaso_bianchi,2026-08-16T21:30:00+02:00,2026-08-16T21:37:30+02:00,completed,"{""destination"":""bathroom_01""}","[""location:bathroom_01""]",,
action_a71353ade1081ba9,activity_f026b9a2fe86a3a9,n3,0,personal_care,tommaso_bianchi,2026-08-16T21:37:30+02:00,2026-08-16T21:45:00+02:00,completed,"{""procedure"":""evening_hygiene""}","[""service_bathroom_01""]",,
action_f2c3c3c7f3344d07,activity_9677f1dc6a23d6d1,n2,0,move_to,tommaso_bianchi,2026-08-16T22:30:00+02:00,2026-08-17T01:10:00+02:00,completed,"{""destination"":""bedroom_01""}","[""location:bedroom_01""]",,
action_a84fe33d458d29aa,activity_9677f1dc6a23d6d1,n3,0,change_posture,tommaso_bianchi,2026-08-17T01:10:00+02:00,2026-08-17T03:50:00+02:00,completed,"{""posture"":""lying""}","[""tommaso_bianchi""]",,
action_24ff0ed4d09a6712,activity_9677f1dc6a23d6d1,n4,0,wait,tommaso_bianchi,2026-08-17T03:50:00+02:00,2026-08-17T06:30:00+02:00,completed,"{""purpose"":""sleeping""}",[],,
